{
    "root_group": {
        "name": "",
        "path": "",
        "id": "d41d8cd98f00b204e9800998ecf8427e",
        "groups": {},
        "checks": {
                "valid response": {
                    "passes": 558,
                    "fails": 3037,
                    "name": "valid response",
                    "path": "::valid response",
                    "id": "74e6940490a7b557672e61f02e36f4e8"
                }
            }
    },
    "metrics": {
        "http_req_duration": {
            "med": 15000.445,
            "max": 15040.154,
            "p(90)": 15001.176,
            "p(95)": 15001.3706,
            "avg": 13684.572832545238,
            "min": 47.524,
            "thresholds": {
                "p(95)<1000": true
            }
        },
        "http_req_tls_handshaking": {
            "med": 0,
            "max": 0,
            "p(90)": 0,
            "p(95)": 0,
            "avg": 0,
            "min": 0
        },
        "http_req_failed": {
            "passes": 3041,
            "fails": 554,
            "thresholds": {
                "rate<0.05": true
            },
            "value": 0.8458970792767733
        },
        "iteration_duration": {
            "p(90)": 15002.2472084,
            "p(95)": 15002.8265542,
            "avg": 13685.430806466182,
            "min": 47.780917,
            "med": 15001.247458,
            "max": 15043.344833
        },
        "http_req_sending": {
            "min": 0.003,
            "med": 0.044,
            "max": 5.122,
            "p(90)": 0.094,
            "p(95)": 0.12629999999999983,
            "avg": 0.06077496522948543
        },
        "rate_limited": {
            "passes": 0,
            "fails": 3595,
            "value": 0
        },
        "http_req_receiving": {
            "max": 1.104,
            "p(90)": 0.053,
            "p(95)": 0.092,
            "avg": 0.014626703755215579,
            "min": 0,
            "med": 0
        },
        "http_req_waiting": {
            "p(95)": 15001.327299999999,
            "avg": 13684.49743087626,
            "min": 47.416,
            "med": 15000.392,
            "max": 15040.114,
            "p(90)": 15001.122
        },
        "http_req_connecting": {
            "min": 0,
            "med": 0.22,
            "max": 9.104,
            "p(90)": 0.333,
            "p(95)": 0.40929999999999983,
            "avg": 0.24335688456189136
        },
        "data_sent": {
            "count": 1169861,
            "rate": 8779.795185819052
        },
        "data_received": {
            "count": 266150,
            "rate": 1997.453106570559
        },
        "vus": {
            "max": 500,
            "value": 1,
            "min": 1
        },
        "vus_max": {
            "min": 500,
            "max": 500,
            "value": 500
        },
        "payment_success_rate": {
            "passes": 554,
            "fails": 3041,
            "thresholds": {
                "rate>0.90": true
            },
            "value": 0.1541029207232267
        },
        "http_req_duration{expected_response:true}": {
            "max": 14947.809,
            "p(90)": 13842.6406,
            "p(95)": 14116.0816,
            "avg": 6525.955635379069,
            "min": 167.335,
            "med": 6300.6735
        },
        "iterations": {
            "count": 3595,
            "rate": 26.98043929408664
        },
        "http_req_blocked": {
            "avg": 0.30296467315716186,
            "min": 0,
            "med": 0.27,
            "max": 10.08,
            "p(90)": 0.433,
            "p(95)": 0.5442999999999999
        },
        "http_reqs": {
            "count": 3595,
            "rate": 26.98043929408664
        },
        "checks": {
            "passes": 558,
            "fails": 3037,
            "value": 0.1552155771905424
        }
    }
}